sugar,metabolism,vision,fitness,age,lifespan,x,y
64.35797276301514,1.0,1.0,0.0,48.0,48.0,10.0,48.0
76.10519966197532,1.0,1.0,0.0,48.0,48.0,8.0,47.0
76.01813917835514,1.0,1.0,0.0,47.0,48.0,9.0,0.0
76.10519966197532,1.0,1.0,0.0,48.0,48.0,8.0,47.0
71.77260192655896,1.0,1.0,0.0,48.0,48.0,10.0,49.0
71.91971389314223,1.0,1.0,0.0,48.0,48.0,8.0,48.0
